<?xml version="1.0" encoding="UTF-8"?>
<project-private xmlns="http://www.netbeans.org/ns/project-private/1">
    <editor-bookmarks xmlns="http://www.netbeans.org/ns/editor-bookmarks/2" lastBookmarkId="0"/>
    <open-files xmlns="http://www.netbeans.org/ns/projectui-open-files/2">
        <group>
            <file>file:/C:/Users/brand/OneDrive/Escritorio/ProyectoJframe%20(2)/ProyectoJframe/src/proyectojframe/MainFrame.java</file>
            <file>file:/C:/Users/brand/OneDrive/Escritorio/ProyectoJframe%20(2)/ProyectoJframe/src/proyectojframe/Parqueo.java</file>
            <file>file:/C:/Users/brand/OneDrive/Escritorio/ProyectoJframe%20(2)/ProyectoJframe/src/proyectojframe/Parqueo_G1.java</file>
            <file>file:/C:/Users/brand/OneDrive/Escritorio/ProyectoJframe%20(2)/ProyectoJframe/src/proyectojframe/Auditorio.java</file>
            <file>file:/C:/Users/brand/OneDrive/Escritorio/ProyectoJframe%20(2)/ProyectoJframe/src/proyectojframe/Baloncesto.java</file>
            <file>file:/C:/Users/brand/OneDrive/Escritorio/ProyectoJframe%20(2)/ProyectoJframe/src/proyectojframe/Cabina.java</file>
            <file>file:/C:/Users/brand/OneDrive/Escritorio/ProyectoJframe%20(2)/ProyectoJframe/src/proyectojframe/Chisme.java</file>
            <file>file:/C:/Users/brand/OneDrive/Escritorio/ProyectoJframe%20(2)/ProyectoJframe/src/proyectojframe/ClaseGrupal.java</file>
            <file>file:/C:/Users/brand/OneDrive/Escritorio/ProyectoJframe%20(2)/ProyectoJframe/src/proyectojframe/Futbol.java</file>
            <file>file:/C:/Users/brand/OneDrive/Escritorio/ProyectoJframe%20(2)/ProyectoJframe/src/proyectojframe/Natacion.java</file>
            <file>file:/C:/Users/brand/OneDrive/Escritorio/ProyectoJframe%20(2)/ProyectoJframe/src/proyectojframe/Parqueo_G2.java</file>
            <file>file:/C:/Users/brand/OneDrive/Escritorio/ProyectoJframe%20(2)/ProyectoJframe/src/proyectojframe/Parqueo_G3.java</file>
            <file>file:/C:/Users/brand/OneDrive/Escritorio/ProyectoJframe%20(2)/ProyectoJframe/src/proyectojframe/Recreacion.java</file>
            <file>file:/C:/Users/brand/OneDrive/Escritorio/ProyectoJframe%20(2)/ProyectoJframe/src/proyectojframe/Sala_Pesas.java</file>
            <file>file:/C:/Users/brand/OneDrive/Escritorio/ProyectoJframe%20(2)/ProyectoJframe/src/proyectojframe/Socio.java</file>
            <file>file:/C:/Users/brand/OneDrive/Escritorio/ProyectoJframe%20(2)/ProyectoJframe/src/proyectojframe/Socio_Eliminar.java</file>
            <file>file:/C:/Users/brand/OneDrive/Escritorio/ProyectoJframe%20(2)/ProyectoJframe/src/proyectojframe/Socio_Informacion.java</file>
            <file>file:/C:/Users/brand/OneDrive/Escritorio/ProyectoJframe%20(2)/ProyectoJframe/src/proyectojframe/Yoga.java</file>
            <file>file:/C:/Users/brand/OneDrive/Escritorio/ProyectoJframe%20(2)/ProyectoJframe/src/proyectojframe/Zumba.java</file>
        </group>
    </open-files>
</project-private>
